album_type,total_tracks,is_playable,external_urls,href,id,images,name,release_date,release_date_precision,type,uri,artists,market,search_type,time_range,extraction_time
album,12,True,{'spotify': 'https://open.spotify.com/album/4a6NzYL1YHRUgx9e3YZI6I'},https://api.spotify.com/v1/albums/4a6NzYL1YHRUgx9e3YZI6I,4a6NzYL1YHRUgx9e3YZI6I,"[{'height': 640, 'url': 'https://i.scdn.co/image/ab67616d0000b273d7812467811a7da6e6a44902', 'width': 640}, {'height': 300, 'url': 'https://i.scdn.co/image/ab67616d00001e02d7812467811a7da6e6a44902', 'width': 300}, {'height': 64, 'url': 'https://i.scdn.co/image/ab67616d00004851d7812467811a7da6e6a44902', 'width': 64}]",The Life of a Showgirl,2025-10-03,day,album,spotify:album:4a6NzYL1YHRUgx9e3YZI6I,"[{'external_urls': {'spotify': 'https://open.spotify.com/artist/06HL4z0CvFAxyc27GXpf02'}, 'href': 'https://api.spotify.com/v1/artists/06HL4z0CvFAxyc27GXpf02', 'id': '06HL4z0CvFAxyc27GXpf02', 'name': 'Taylor Swift', 'type': 'artist', 'uri': 'spotify:artist:06HL4z0CvFAxyc27GXpf02'}]",BR,album,2015-2025,2025-10-09 22:00:00
album,12,True,{'spotify': 'https://open.spotify.com/album/14JkAa6IiFaOh5s0nMyMU9'},https://api.spotify.com/v1/albums/14JkAa6IiFaOh5s0nMyMU9,14JkAa6IiFaOh5s0nMyMU9,"[{'height': 640, 'url': 'https://i.scdn.co/image/ab67616d0000b2734dcb6c5df15cf74596ab25a4', 'width': 640}, {'height': 300, 'url': 'https://i.scdn.co/image/ab67616d00001e024dcb6c5df15cf74596ab25a4', 'width': 300}, {'height': 64, 'url': 'https://i.scdn.co/image/ab67616d000048514dcb6c5df15cf74596ab25a4', 'width': 64}]",KPop Demon Hunters (Soundtrack from the Netflix Film),2025-06-20,day,album,spotify:album:14JkAa6IiFaOh5s0nMyMU9,"[{'external_urls': {'spotify': 'https://open.spotify.com/artist/7mW7Tv7NvywKKXqafZo0Lc'}, 'href': 'https://api.spotify.com/v1/artists/7mW7Tv7NvywKKXqafZo0Lc', 'id': '7mW7Tv7NvywKKXqafZo0Lc', 'name': 'KPop Demon Hunters Cast', 'type': 'artist', 'uri': 'spotify:artist:7mW7Tv7NvywKKXqafZo0Lc'}, {'external_urls': {'spotify': 'https://open.spotify.com/artist/2yNNYQBChuox9A5Ka93BIn'}, 'href': 'https://api.spotify.com/v1/artists/2yNNYQBChuox9A5Ka93BIn', 'id': '2yNNYQBChuox9A5Ka93BIn', 'name': 'HUNTR/X', 'type': 'artist', 'uri': 'spotify:artist:2yNNYQBChuox9A5Ka93BIn'}, {'external_urls': {'spotify': 'https://open.spotify.com/artist/0BJ2EjOqcfgFvlZXNKrNbE'}, 'href': 'https://api.spotify.com/v1/artists/0BJ2EjOqcfgFvlZXNKrNbE', 'id': '0BJ2EjOqcfgFvlZXNKrNbE', 'name': 'Saja Boys', 'type': 'artist', 'uri': 'spotify:artist:0BJ2EjOqcfgFvlZXNKrNbE'}]",BR,album,2015-2025,2025-10-09 22:00:00
album,12,True,{'spotify': 'https://open.spotify.com/album/1W57oNaAkGObOQKBTxg4e9'},https://api.spotify.com/v1/albums/1W57oNaAkGObOQKBTxg4e9,1W57oNaAkGObOQKBTxg4e9,"[{'height': 640, 'url': 'https://i.scdn.co/image/ab67616d0000b2733d29cbdaf500d735492c693b', 'width': 640}, {'height': 300, 'url': 'https://i.scdn.co/image/ab67616d00001e023d29cbdaf500d735492c693b', 'width': 300}, {'height': 64, 'url': 'https://i.scdn.co/image/ab67616d000048513d29cbdaf500d735492c693b', 'width': 64}]",The Life of a Showgirl,2025-10-03,day,album,spotify:album:1W57oNaAkGObOQKBTxg4e9,"[{'external_urls': {'spotify': 'https://open.spotify.com/artist/06HL4z0CvFAxyc27GXpf02'}, 'href': 'https://api.spotify.com/v1/artists/06HL4z0CvFAxyc27GXpf02', 'id': '06HL4z0CvFAxyc27GXpf02', 'name': 'Taylor Swift', 'type': 'artist', 'uri': 'spotify:artist:06HL4z0CvFAxyc27GXpf02'}]",BR,album,2015-2025,2025-10-09 22:00:00
album,12,True,{'spotify': 'https://open.spotify.com/album/1aqg30bNvLSWgShZgX4oop'},https://api.spotify.com/v1/albums/1aqg30bNvLSWgShZgX4oop,1aqg30bNvLSWgShZgX4oop,"[{'height': 640, 'url': 'https://i.scdn.co/image/ab67616d0000b273b1863bf95557ea7f357c4947', 'width': 640}, {'height': 300, 'url': 'https://i.scdn.co/image/ab67616d00001e02b1863bf95557ea7f357c4947', 'width': 300}, {'height': 64, 'url': 'https://i.scdn.co/image/ab67616d00004851b1863bf95557ea7f357c4947', 'width': 64}]",Man’s Best Friend,2025-08-29,day,album,spotify:album:1aqg30bNvLSWgShZgX4oop,"[{'external_urls': {'spotify': 'https://open.spotify.com/artist/74KM79TiuVKeVCqs8QtB0B'}, 'href': 'https://api.spotify.com/v1/artists/74KM79TiuVKeVCqs8QtB0B', 'id': '74KM79TiuVKeVCqs8QtB0B', 'name': 'Sabrina Carpenter', 'type': 'artist', 'uri': 'spotify:artist:74KM79TiuVKeVCqs8QtB0B'}]",BR,album,2015-2025,2025-10-09 22:00:00
album,46,True,{'spotify': 'https://open.spotify.com/album/1kCHru7uhxBUdzkm4gzRQc'},https://api.spotify.com/v1/albums/1kCHru7uhxBUdzkm4gzRQc,1kCHru7uhxBUdzkm4gzRQc,"[{'height': 640, 'url': 'https://i.scdn.co/image/ab67616d0000b273d72fb5571087bca0a2fed008', 'width': 640}, {'height': 300, 'url': 'https://i.scdn.co/image/ab67616d00001e02d72fb5571087bca0a2fed008', 'width': 300}, {'height': 64, 'url': 'https://i.scdn.co/image/ab67616d00004851d72fb5571087bca0a2fed008', 'width': 64}]",Hamilton (Original Broadway Cast Recording),2015-09-25,day,album,spotify:album:1kCHru7uhxBUdzkm4gzRQc,"[{'external_urls': {'spotify': 'https://open.spotify.com/artist/4aXXDj9aZnlshx7mzj3W1N'}, 'href': 'https://api.spotify.com/v1/artists/4aXXDj9aZnlshx7mzj3W1N', 'id': '4aXXDj9aZnlshx7mzj3W1N', 'name': 'Lin-Manuel Miranda', 'type': 'artist', 'uri': 'spotify:artist:4aXXDj9aZnlshx7mzj3W1N'}]",BR,album,2015-2025,2025-10-09 22:00:00
single,3,True,{'spotify': 'https://open.spotify.com/album/0Bv6OJO0L5gcf20DMww54a'},https://api.spotify.com/v1/albums/0Bv6OJO0L5gcf20DMww54a,0Bv6OJO0L5gcf20DMww54a,"[{'height': 640, 'url': 'https://i.scdn.co/image/ab67616d0000b273e3d69e17dde129037a1f09e2', 'width': 640}, {'height': 300, 'url': 'https://i.scdn.co/image/ab67616d00001e02e3d69e17dde129037a1f09e2', 'width': 300}, {'height': 64, 'url': 'https://i.scdn.co/image/ab67616d00004851e3d69e17dde129037a1f09e2', 'width': 64}]",Man I Need,2025-08-15,day,album,spotify:album:0Bv6OJO0L5gcf20DMww54a,"[{'external_urls': {'spotify': 'https://open.spotify.com/artist/00x1fYSGhdqScXBRpSj3DW'}, 'href': 'https://api.spotify.com/v1/artists/00x1fYSGhdqScXBRpSj3DW', 'id': '00x1fYSGhdqScXBRpSj3DW', 'name': 'Olivia Dean', 'type': 'artist', 'uri': 'spotify:artist:00x1fYSGhdqScXBRpSj3DW'}]",BR,album,2015-2025,2025-10-09 22:00:00
album,10,True,{'spotify': 'https://open.spotify.com/album/7aJuG4TFXa2hmE4z1yxc3n'},https://api.spotify.com/v1/albums/7aJuG4TFXa2hmE4z1yxc3n,7aJuG4TFXa2hmE4z1yxc3n,"[{'height': 640, 'url': 'https://i.scdn.co/image/ab67616d0000b27371d62ea7ea8a5be92d3c1f62', 'width': 640}, {'height': 300, 'url': 'https://i.scdn.co/image/ab67616d00001e0271d62ea7ea8a5be92d3c1f62', 'width': 300}, {'height': 64, 'url': 'https://i.scdn.co/image/ab67616d0000485171d62ea7ea8a5be92d3c1f62', 'width': 64}]",HIT ME HARD AND SOFT,2024-05-17,day,album,spotify:album:7aJuG4TFXa2hmE4z1yxc3n,"[{'external_urls': {'spotify': 'https://open.spotify.com/artist/6qqNVTkY8uBg9cP3Jd7DAH'}, 'href': 'https://api.spotify.com/v1/artists/6qqNVTkY8uBg9cP3Jd7DAH', 'id': '6qqNVTkY8uBg9cP3Jd7DAH', 'name': 'Billie Eilish', 'type': 'artist', 'uri': 'spotify:artist:6qqNVTkY8uBg9cP3Jd7DAH'}]",BR,album,2015-2025,2025-10-09 22:00:00
album,17,True,{'spotify': 'https://open.spotify.com/album/5K79FLRUCSysQnVESLcTdb'},https://api.spotify.com/v1/albums/5K79FLRUCSysQnVESLcTdb,5K79FLRUCSysQnVESLcTdb,"[{'height': 640, 'url': 'https://i.scdn.co/image/ab67616d0000b273bbd45c8d36e0e045ef640411', 'width': 640}, {'height': 300, 'url': 'https://i.scdn.co/image/ab67616d00001e02bbd45c8d36e0e045ef640411', 'width': 300}, {'height': 64, 'url': 'https://i.scdn.co/image/ab67616d00004851bbd45c8d36e0e045ef640411', 'width': 64}]",DeBÍ TiRAR MáS FOToS,2025-01-05,day,album,spotify:album:5K79FLRUCSysQnVESLcTdb,"[{'external_urls': {'spotify': 'https://open.spotify.com/artist/4q3ewBCX7sLwd24euuV69X'}, 'href': 'https://api.spotify.com/v1/artists/4q3ewBCX7sLwd24euuV69X', 'id': '4q3ewBCX7sLwd24euuV69X', 'name': 'Bad Bunny', 'type': 'artist', 'uri': 'spotify:artist:4q3ewBCX7sLwd24euuV69X'}]",BR,album,2015-2025,2025-10-09 22:00:00
album,23,True,{'spotify': 'https://open.spotify.com/album/3RQQmkQEvNCY4prGKE6oc5'},https://api.spotify.com/v1/albums/3RQQmkQEvNCY4prGKE6oc5,3RQQmkQEvNCY4prGKE6oc5,"[{'height': 640, 'url': 'https://i.scdn.co/image/ab67616d0000b27349d694203245f241a1bcaa72', 'width': 640}, {'height': 300, 'url': 'https://i.scdn.co/image/ab67616d00001e0249d694203245f241a1bcaa72', 'width': 300}, {'height': 64, 'url': 'https://i.scdn.co/image/ab67616d0000485149d694203245f241a1bcaa72', 'width': 64}]",Un Verano Sin Ti,2022-05-06,day,album,spotify:album:3RQQmkQEvNCY4prGKE6oc5,"[{'external_urls': {'spotify': 'https://open.spotify.com/artist/4q3ewBCX7sLwd24euuV69X'}, 'href': 'https://api.spotify.com/v1/artists/4q3ewBCX7sLwd24euuV69X', 'id': '4q3ewBCX7sLwd24euuV69X', 'name': 'Bad Bunny', 'type': 'artist', 'uri': 'spotify:artist:4q3ewBCX7sLwd24euuV69X'}]",BR,album,2015-2025,2025-10-09 22:00:00
album,37,True,{'spotify': 'https://open.spotify.com/album/5IZ8sY5FjtL9hloXpv0XbD'},https://api.spotify.com/v1/albums/5IZ8sY5FjtL9hloXpv0XbD,5IZ8sY5FjtL9hloXpv0XbD,"[{'height': 640, 'url': 'https://i.scdn.co/image/ab67616d0000b27335ea219ce47813b5e2dc3745', 'width': 640}, {'height': 300, 'url': 'https://i.scdn.co/image/ab67616d00001e0235ea219ce47813b5e2dc3745', 'width': 300}, {'height': 64, 'url': 'https://i.scdn.co/image/ab67616d0000485135ea219ce47813b5e2dc3745', 'width': 64}]",I’m The Problem,2025-05-16,day,album,spotify:album:5IZ8sY5FjtL9hloXpv0XbD,"[{'external_urls': {'spotify': 'https://open.spotify.com/artist/4oUHIQIBe0LHzYfvXNW4QM'}, 'href': 'https://api.spotify.com/v1/artists/4oUHIQIBe0LHzYfvXNW4QM', 'id': '4oUHIQIBe0LHzYfvXNW4QM', 'name': 'Morgan Wallen', 'type': 'artist', 'uri': 'spotify:artist:4oUHIQIBe0LHzYfvXNW4QM'}]",BR,album,2015-2025,2025-10-09 22:00:00
album,15,True,{'spotify': 'https://open.spotify.com/album/6DEjYFkNZh67HP7R9PSZvv'},https://api.spotify.com/v1/albums/6DEjYFkNZh67HP7R9PSZvv,6DEjYFkNZh67HP7R9PSZvv,"[{'height': 640, 'url': 'https://i.scdn.co/image/ab67616d0000b273da5d5aeeabacacc1263c0f4b', 'width': 640}, {'height': 300, 'url': 'https://i.scdn.co/image/ab67616d00001e02da5d5aeeabacacc1263c0f4b', 'width': 300}, {'height': 64, 'url': 'https://i.scdn.co/image/ab67616d00004851da5d5aeeabacacc1263c0f4b', 'width': 64}]",reputation,2017-11-10,day,album,spotify:album:6DEjYFkNZh67HP7R9PSZvv,"[{'external_urls': {'spotify': 'https://open.spotify.com/artist/06HL4z0CvFAxyc27GXpf02'}, 'href': 'https://api.spotify.com/v1/artists/06HL4z0CvFAxyc27GXpf02', 'id': '06HL4z0CvFAxyc27GXpf02', 'name': 'Taylor Swift', 'type': 'artist', 'uri': 'spotify:artist:06HL4z0CvFAxyc27GXpf02'}]",BR,album,2015-2025,2025-10-09 22:00:00
album,44,True,{'spotify': 'https://open.spotify.com/album/2KrREEyHxkdFGYAd1DmMdS'},https://api.spotify.com/v1/albums/2KrREEyHxkdFGYAd1DmMdS,2KrREEyHxkdFGYAd1DmMdS,"[{'height': 640, 'url': 'https://i.scdn.co/image/ab67616d0000b273a958d093e94944dd0e7258b2', 'width': 640}, {'height': 300, 'url': 'https://i.scdn.co/image/ab67616d00001e02a958d093e94944dd0e7258b2', 'width': 300}, {'height': 64, 'url': 'https://i.scdn.co/image/ab67616d00004851a958d093e94944dd0e7258b2', 'width': 64}]",SWAG II,2025-09-05,day,album,spotify:album:2KrREEyHxkdFGYAd1DmMdS,"[{'external_urls': {'spotify': 'https://open.spotify.com/artist/1uNFoZAHBGtllmzznpCI3s'}, 'href': 'https://api.spotify.com/v1/artists/1uNFoZAHBGtllmzznpCI3s', 'id': '1uNFoZAHBGtllmzznpCI3s', 'name': 'Justin Bieber', 'type': 'artist', 'uri': 'spotify:artist:1uNFoZAHBGtllmzznpCI3s'}]",BR,album,2015-2025,2025-10-09 22:00:00
album,100,True,{'spotify': 'https://open.spotify.com/album/54vGSK50oe08qxz2xXECEC'},https://api.spotify.com/v1/albums/54vGSK50oe08qxz2xXECEC,54vGSK50oe08qxz2xXECEC,"[{'height': 640, 'url': 'https://i.scdn.co/image/ab67616d0000b273f8e1043df4c08b991aaec9cf', 'width': 640}, {'height': 300, 'url': 'https://i.scdn.co/image/ab67616d00001e02f8e1043df4c08b991aaec9cf', 'width': 300}, {'height': 64, 'url': 'https://i.scdn.co/image/ab67616d00004851f8e1043df4c08b991aaec9cf', 'width': 64}]",10 Hours of Continuous Rain Sounds for Sleeping,2021-01-22,day,album,spotify:album:54vGSK50oe08qxz2xXECEC,"[{'external_urls': {'spotify': 'https://open.spotify.com/artist/0QUBaF6Rtta4TTmxYYfzux'}, 'href': 'https://api.spotify.com/v1/artists/0QUBaF6Rtta4TTmxYYfzux', 'id': '0QUBaF6Rtta4TTmxYYfzux', 'name': 'White Noise Radiance', 'type': 'artist', 'uri': 'spotify:artist:0QUBaF6Rtta4TTmxYYfzux'}, {'external_urls': {'spotify': 'https://open.spotify.com/artist/5nSGBmlgUdqWNExnOX8VtV'}, 'href': 'https://api.spotify.com/v1/artists/5nSGBmlgUdqWNExnOX8VtV', 'id': '5nSGBmlgUdqWNExnOX8VtV', 'name': 'Rain Sounds', 'type': 'artist', 'uri': 'spotify:artist:5nSGBmlgUdqWNExnOX8VtV'}]",BR,album,2015-2025,2025-10-09 22:00:00
album,21,True,{'spotify': 'https://open.spotify.com/album/6Rl6YoCarF2GHPSQmmFjuR'},https://api.spotify.com/v1/albums/6Rl6YoCarF2GHPSQmmFjuR,6Rl6YoCarF2GHPSQmmFjuR,"[{'height': 640, 'url': 'https://i.scdn.co/image/ab67616d0000b273cc392813bfd8f63d4d5f4a95', 'width': 640}, {'height': 300, 'url': 'https://i.scdn.co/image/ab67616d00001e02cc392813bfd8f63d4d5f4a95', 'width': 300}, {'height': 64, 'url': 'https://i.scdn.co/image/ab67616d00004851cc392813bfd8f63d4d5f4a95', 'width': 64}]",$ome $exy $ongs 4 U,2025-02-14,day,album,spotify:album:6Rl6YoCarF2GHPSQmmFjuR,"[{'external_urls': {'spotify': 'https://open.spotify.com/artist/2HPaUgqeutzr3jx5a9WyDV'}, 'href': 'https://api.spotify.com/v1/artists/2HPaUgqeutzr3jx5a9WyDV', 'id': '2HPaUgqeutzr3jx5a9WyDV', 'name': 'PARTYNEXTDOOR', 'type': 'artist', 'uri': 'spotify:artist:2HPaUgqeutzr3jx5a9WyDV'}, {'external_urls': {'spotify': 'https://open.spotify.com/artist/3TVXtAsR1Inumwj472S9r4'}, 'href': 'https://api.spotify.com/v1/artists/3TVXtAsR1Inumwj472S9r4', 'id': '3TVXtAsR1Inumwj472S9r4', 'name': 'Drake', 'type': 'artist', 'uri': 'spotify:artist:3TVXtAsR1Inumwj472S9r4'}]",BR,album,2015-2025,2025-10-09 22:00:00
album,12,True,{'spotify': 'https://open.spotify.com/album/0l8zYqoUeBYg47Gmevq9HZ'},https://api.spotify.com/v1/albums/0l8zYqoUeBYg47Gmevq9HZ,0l8zYqoUeBYg47Gmevq9HZ,"[{'height': 640, 'url': 'https://i.scdn.co/image/ab67616d0000b2739a336bfb6d40bbd90a507417', 'width': 640}, {'height': 300, 'url': 'https://i.scdn.co/image/ab67616d00001e029a336bfb6d40bbd90a507417', 'width': 300}, {'height': 64, 'url': 'https://i.scdn.co/image/ab67616d000048519a336bfb6d40bbd90a507417', 'width': 64}]",The Art of Loving,2025-09-26,day,album,spotify:album:0l8zYqoUeBYg47Gmevq9HZ,"[{'external_urls': {'spotify': 'https://open.spotify.com/artist/00x1fYSGhdqScXBRpSj3DW'}, 'href': 'https://api.spotify.com/v1/artists/00x1fYSGhdqScXBRpSj3DW', 'id': '00x1fYSGhdqScXBRpSj3DW', 'name': 'Olivia Dean', 'type': 'artist', 'uri': 'spotify:artist:00x1fYSGhdqScXBRpSj3DW'}]",BR,album,2015-2025,2025-10-09 22:00:00
album,17,True,{'spotify': 'https://open.spotify.com/album/7Lv6VzSqIz1sAssK2JUskG'},https://api.spotify.com/v1/albums/7Lv6VzSqIz1sAssK2JUskG,7Lv6VzSqIz1sAssK2JUskG,"[{'height': 640, 'url': 'https://i.scdn.co/image/ab67616d0000b273f3ba6742a35f111aaea1ca2f', 'width': 640}, {'height': 300, 'url': 'https://i.scdn.co/image/ab67616d00001e02f3ba6742a35f111aaea1ca2f', 'width': 300}, {'height': 64, 'url': 'https://i.scdn.co/image/ab67616d00004851f3ba6742a35f111aaea1ca2f', 'width': 64}]",$AD BOYZ 4 LIFE II,2023-10-05,day,album,spotify:album:7Lv6VzSqIz1sAssK2JUskG,"[{'external_urls': {'spotify': 'https://open.spotify.com/artist/7Gi6gjaWy3DxyilpF1a8Is'}, 'href': 'https://api.spotify.com/v1/artists/7Gi6gjaWy3DxyilpF1a8Is', 'id': '7Gi6gjaWy3DxyilpF1a8Is', 'name': 'Junior H', 'type': 'artist', 'uri': 'spotify:artist:7Gi6gjaWy3DxyilpF1a8Is'}]",BR,album,2015-2025,2025-10-09 22:00:00
album,18,True,{'spotify': 'https://open.spotify.com/album/4ryjxzYmf7uFr7QA87IKoz'},https://api.spotify.com/v1/albums/4ryjxzYmf7uFr7QA87IKoz,4ryjxzYmf7uFr7QA87IKoz,"[{'height': 640, 'url': 'https://i.scdn.co/image/ab67616d0000b273d9804cbf2de637f09890ffb8', 'width': 640}, {'height': 300, 'url': 'https://i.scdn.co/image/ab67616d00001e02d9804cbf2de637f09890ffb8', 'width': 300}, {'height': 64, 'url': 'https://i.scdn.co/image/ab67616d00004851d9804cbf2de637f09890ffb8', 'width': 64}]",Tutankamon,2025-07-24,day,album,spotify:album:4ryjxzYmf7uFr7QA87IKoz,"[{'external_urls': {'spotify': 'https://open.spotify.com/artist/5YqI7p8zYsOpKJtjxYdOce'}, 'href': 'https://api.spotify.com/v1/artists/5YqI7p8zYsOpKJtjxYdOce', 'id': '5YqI7p8zYsOpKJtjxYdOce', 'name': 'Victor Mendivil', 'type': 'artist', 'uri': 'spotify:artist:5YqI7p8zYsOpKJtjxYdOce'}]",BR,album,2015-2025,2025-10-09 22:00:00
album,22,True,{'spotify': 'https://open.spotify.com/album/3OxfaVgvTxUTy7276t7SPU'},https://api.spotify.com/v1/albums/3OxfaVgvTxUTy7276t7SPU,3OxfaVgvTxUTy7276t7SPU,"[{'height': 640, 'url': 'https://i.scdn.co/image/ab67616d0000b273982320da137d0de34410df61', 'width': 640}, {'height': 300, 'url': 'https://i.scdn.co/image/ab67616d00001e02982320da137d0de34410df61', 'width': 300}, {'height': 64, 'url': 'https://i.scdn.co/image/ab67616d00004851982320da137d0de34410df61', 'width': 64}]",Hurry Up Tomorrow,2025-01-31,day,album,spotify:album:3OxfaVgvTxUTy7276t7SPU,"[{'external_urls': {'spotify': 'https://open.spotify.com/artist/1Xyo4u8uXC1ZmMpatF05PJ'}, 'href': 'https://api.spotify.com/v1/artists/1Xyo4u8uXC1ZmMpatF05PJ', 'id': '1Xyo4u8uXC1ZmMpatF05PJ', 'name': 'The Weeknd', 'type': 'artist', 'uri': 'spotify:artist:1Xyo4u8uXC1ZmMpatF05PJ'}]",BR,album,2015-2025,2025-10-09 22:00:00
album,13,True,{'spotify': 'https://open.spotify.com/album/1El3k8dU3sKyoGUeuyrolH'},https://api.spotify.com/v1/albums/1El3k8dU3sKyoGUeuyrolH,1El3k8dU3sKyoGUeuyrolH,"[{'height': 640, 'url': 'https://i.scdn.co/image/ab67616d0000b27378cba6a1edfe4235def632ed', 'width': 640}, {'height': 300, 'url': 'https://i.scdn.co/image/ab67616d00001e0278cba6a1edfe4235def632ed', 'width': 300}, {'height': 64, 'url': 'https://i.scdn.co/image/ab67616d0000485178cba6a1edfe4235def632ed', 'width': 64}]",Breach,2025-09-12,day,album,spotify:album:1El3k8dU3sKyoGUeuyrolH,"[{'external_urls': {'spotify': 'https://open.spotify.com/artist/3YQKmKGau1PzlVlkL1iodx'}, 'href': 'https://api.spotify.com/v1/artists/3YQKmKGau1PzlVlkL1iodx', 'id': '3YQKmKGau1PzlVlkL1iodx', 'name': 'Twenty One Pilots', 'type': 'artist', 'uri': 'spotify:artist:3YQKmKGau1PzlVlkL1iodx'}]",BR,album,2015-2025,2025-10-09 22:00:00
album,26,True,{'spotify': 'https://open.spotify.com/album/4xMNn5AFdmBIYiXRbt5YH4'},https://api.spotify.com/v1/albums/4xMNn5AFdmBIYiXRbt5YH4,4xMNn5AFdmBIYiXRbt5YH4,"[{'height': 640, 'url': 'https://i.scdn.co/image/ab67616d0000b273a346fc13b57ac8af62b59c0a', 'width': 640}, {'height': 300, 'url': 'https://i.scdn.co/image/ab67616d00001e02a346fc13b57ac8af62b59c0a', 'width': 300}, {'height': 64, 'url': 'https://i.scdn.co/image/ab67616d00004851a346fc13b57ac8af62b59c0a', 'width': 64}]",BORONDO,2025-05-15,day,album,spotify:album:4xMNn5AFdmBIYiXRbt5YH4,"[{'external_urls': {'spotify': 'https://open.spotify.com/artist/7a0XAaPaK2aDSqa8p3QnC7'}, 'href': 'https://api.spotify.com/v1/artists/7a0XAaPaK2aDSqa8p3QnC7', 'id': '7a0XAaPaK2aDSqa8p3QnC7', 'name': 'Beéle', 'type': 'artist', 'uri': 'spotify:artist:7a0XAaPaK2aDSqa8p3QnC7'}]",BR,album,2015-2025,2025-10-09 22:00:00
album,18,True,{'spotify': 'https://open.spotify.com/album/1NAmidJlEaVgA3MpcPFYGq'},https://api.spotify.com/v1/albums/1NAmidJlEaVgA3MpcPFYGq,1NAmidJlEaVgA3MpcPFYGq,"[{'height': 640, 'url': 'https://i.scdn.co/image/ab67616d0000b273e787cffec20aa2a396a61647', 'width': 640}, {'height': 300, 'url': 'https://i.scdn.co/image/ab67616d00001e02e787cffec20aa2a396a61647', 'width': 300}, {'height': 64, 'url': 'https://i.scdn.co/image/ab67616d00004851e787cffec20aa2a396a61647', 'width': 64}]",Lover,2019-08-23,day,album,spotify:album:1NAmidJlEaVgA3MpcPFYGq,"[{'external_urls': {'spotify': 'https://open.spotify.com/artist/06HL4z0CvFAxyc27GXpf02'}, 'href': 'https://api.spotify.com/v1/artists/06HL4z0CvFAxyc27GXpf02', 'id': '06HL4z0CvFAxyc27GXpf02', 'name': 'Taylor Swift', 'type': 'artist', 'uri': 'spotify:artist:06HL4z0CvFAxyc27GXpf02'}]",BR,album,2015-2025,2025-10-09 22:00:00
album,22,True,{'spotify': 'https://open.spotify.com/album/4FftCsAcXXD1nFO9RFUNFO'},https://api.spotify.com/v1/albums/4FftCsAcXXD1nFO9RFUNFO,4FftCsAcXXD1nFO9RFUNFO,"[{'height': 640, 'url': 'https://i.scdn.co/image/ab67616d0000b2732ea1f035463d11e1fc3b193d', 'width': 640}, {'height': 300, 'url': 'https://i.scdn.co/image/ab67616d00001e022ea1f035463d11e1fc3b193d', 'width': 300}, {'height': 64, 'url': 'https://i.scdn.co/image/ab67616d000048512ea1f035463d11e1fc3b193d', 'width': 64}]",nadie sabe lo que va a pasar mañana,2023-10-13,day,album,spotify:album:4FftCsAcXXD1nFO9RFUNFO,"[{'external_urls': {'spotify': 'https://open.spotify.com/artist/4q3ewBCX7sLwd24euuV69X'}, 'href': 'https://api.spotify.com/v1/artists/4q3ewBCX7sLwd24euuV69X', 'id': '4q3ewBCX7sLwd24euuV69X', 'name': 'Bad Bunny', 'type': 'artist', 'uri': 'spotify:artist:4q3ewBCX7sLwd24euuV69X'}]",BR,album,2015-2025,2025-10-09 22:00:00
album,10,True,{'spotify': 'https://open.spotify.com/album/7mvXPtV4jvA1hp5Wx2FAJA'},https://api.spotify.com/v1/albums/7mvXPtV4jvA1hp5Wx2FAJA,7mvXPtV4jvA1hp5Wx2FAJA,"[{'height': 640, 'url': 'https://i.scdn.co/image/ab67616d0000b273d2eb391e0b3c3bc21c127db6', 'width': 640}, {'height': 300, 'url': 'https://i.scdn.co/image/ab67616d00001e02d2eb391e0b3c3bc21c127db6', 'width': 300}, {'height': 64, 'url': 'https://i.scdn.co/image/ab67616d00004851d2eb391e0b3c3bc21c127db6', 'width': 64}]",I Barely Know Her,2025-08-22,day,album,spotify:album:7mvXPtV4jvA1hp5Wx2FAJA,"[{'external_urls': {'spotify': 'https://open.spotify.com/artist/4G9NDjRyZFDlJKMRL8hx3S'}, 'href': 'https://api.spotify.com/v1/artists/4G9NDjRyZFDlJKMRL8hx3S', 'id': '4G9NDjRyZFDlJKMRL8hx3S', 'name': 'sombr', 'type': 'artist', 'uri': 'spotify:artist:4G9NDjRyZFDlJKMRL8hx3S'}]",BR,album,2015-2025,2025-10-09 22:00:00
album,11,True,{'spotify': 'https://open.spotify.com/album/6s84u2TUpR3wdUv4NgKA2j'},https://api.spotify.com/v1/albums/6s84u2TUpR3wdUv4NgKA2j,6s84u2TUpR3wdUv4NgKA2j,"[{'height': 640, 'url': 'https://i.scdn.co/image/ab67616d0000b273a91c10fe9472d9bd89802e5a', 'width': 640}, {'height': 300, 'url': 'https://i.scdn.co/image/ab67616d00001e02a91c10fe9472d9bd89802e5a', 'width': 300}, {'height': 64, 'url': 'https://i.scdn.co/image/ab67616d00004851a91c10fe9472d9bd89802e5a', 'width': 64}]",SOUR,2021-05-21,day,album,spotify:album:6s84u2TUpR3wdUv4NgKA2j,"[{'external_urls': {'spotify': 'https://open.spotify.com/artist/1McMsnEElThX1knmY4oliG'}, 'href': 'https://api.spotify.com/v1/artists/1McMsnEElThX1knmY4oliG', 'id': '1McMsnEElThX1knmY4oliG', 'name': 'Olivia Rodrigo', 'type': 'artist', 'uri': 'spotify:artist:1McMsnEElThX1knmY4oliG'}]",BR,album,2015-2025,2025-10-09 22:00:00
album,17,True,{'spotify': 'https://open.spotify.com/album/41GuZcammIkupMPKH2OJ6I'},https://api.spotify.com/v1/albums/41GuZcammIkupMPKH2OJ6I,41GuZcammIkupMPKH2OJ6I,"[{'height': 640, 'url': 'https://i.scdn.co/image/ab67616d0000b273072e9faef2ef7b6db63834a3', 'width': 640}, {'height': 300, 'url': 'https://i.scdn.co/image/ab67616d00001e02072e9faef2ef7b6db63834a3', 'width': 300}, {'height': 64, 'url': 'https://i.scdn.co/image/ab67616d00004851072e9faef2ef7b6db63834a3', 'width': 64}]",ASTROWORLD,2018-08-03,day,album,spotify:album:41GuZcammIkupMPKH2OJ6I,"[{'external_urls': {'spotify': 'https://open.spotify.com/artist/0Y5tJX1MQlPlqiwlOH1tJY'}, 'href': 'https://api.spotify.com/v1/artists/0Y5tJX1MQlPlqiwlOH1tJY', 'id': '0Y5tJX1MQlPlqiwlOH1tJY', 'name': 'Travis Scott', 'type': 'artist', 'uri': 'spotify:artist:0Y5tJX1MQlPlqiwlOH1tJY'}]",BR,album,2015-2025,2025-10-09 22:00:00
album,10,True,{'spotify': 'https://open.spotify.com/album/1jzv3jwZbt8lYfEtMjiD1R'},https://api.spotify.com/v1/albums/1jzv3jwZbt8lYfEtMjiD1R,1jzv3jwZbt8lYfEtMjiD1R,"[{'height': 640, 'url': 'https://i.scdn.co/image/ab67616d0000b273979047951fa8b15df9f9e984', 'width': 640}, {'height': 300, 'url': 'https://i.scdn.co/image/ab67616d00001e02979047951fa8b15df9f9e984', 'width': 300}, {'height': 64, 'url': 'https://i.scdn.co/image/ab67616d00004851979047951fa8b15df9f9e984', 'width': 64}]",DON'T TAP THE GLASS,2025-07-21,day,album,spotify:album:1jzv3jwZbt8lYfEtMjiD1R,"[{'external_urls': {'spotify': 'https://open.spotify.com/artist/4V8LLVI7PbaPR0K2TGSxFF'}, 'href': 'https://api.spotify.com/v1/artists/4V8LLVI7PbaPR0K2TGSxFF', 'id': '4V8LLVI7PbaPR0K2TGSxFF', 'name': 'Tyler, The Creator', 'type': 'artist', 'uri': 'spotify:artist:4V8LLVI7PbaPR0K2TGSxFF'}]",BR,album,2015-2025,2025-10-09 22:00:00
album,21,True,{'spotify': 'https://open.spotify.com/album/5vD5M5VW62LL78Ko8x0CVZ'},https://api.spotify.com/v1/albums/5vD5M5VW62LL78Ko8x0CVZ,5vD5M5VW62LL78Ko8x0CVZ,"[{'height': 640, 'url': 'https://i.scdn.co/image/ab67616d0000b273d65c4773bc5061fd27facc5b', 'width': 640}, {'height': 300, 'url': 'https://i.scdn.co/image/ab67616d00001e02d65c4773bc5061fd27facc5b', 'width': 300}, {'height': 64, 'url': 'https://i.scdn.co/image/ab67616d00004851d65c4773bc5061fd27facc5b', 'width': 64}]",SWAG,2025-07-11,day,album,spotify:album:5vD5M5VW62LL78Ko8x0CVZ,"[{'external_urls': {'spotify': 'https://open.spotify.com/artist/1uNFoZAHBGtllmzznpCI3s'}, 'href': 'https://api.spotify.com/v1/artists/1uNFoZAHBGtllmzznpCI3s', 'id': '1uNFoZAHBGtllmzznpCI3s', 'name': 'Justin Bieber', 'type': 'artist', 'uri': 'spotify:artist:1uNFoZAHBGtllmzznpCI3s'}]",BR,album,2015-2025,2025-10-09 22:00:00
album,20,True,{'spotify': 'https://open.spotify.com/album/0yY0fT7zibMEffhBJD9Nab'},https://api.spotify.com/v1/albums/0yY0fT7zibMEffhBJD9Nab,0yY0fT7zibMEffhBJD9Nab,"[{'height': 640, 'url': 'https://i.scdn.co/image/ab67616d0000b2734018a6ba07312ec74af169e6', 'width': 640}, {'height': 300, 'url': 'https://i.scdn.co/image/ab67616d00001e024018a6ba07312ec74af169e6', 'width': 300}, {'height': 64, 'url': 'https://i.scdn.co/image/ab67616d000048514018a6ba07312ec74af169e6', 'width': 64}]",Tropicoqueta,2025-06-20,day,album,spotify:album:0yY0fT7zibMEffhBJD9Nab,"[{'external_urls': {'spotify': 'https://open.spotify.com/artist/790FomKkXshlbRYZFtlgla'}, 'href': 'https://api.spotify.com/v1/artists/790FomKkXshlbRYZFtlgla', 'id': '790FomKkXshlbRYZFtlgla', 'name': 'KAROL G', 'type': 'artist', 'uri': 'spotify:artist:790FomKkXshlbRYZFtlgla'}]",BR,album,2015-2025,2025-10-09 22:00:00
album,15,True,{'spotify': 'https://open.spotify.com/album/1vWMw6pu3err6qqZzI3RhH'},https://api.spotify.com/v1/albums/1vWMw6pu3err6qqZzI3RhH,1vWMw6pu3err6qqZzI3RhH,"[{'height': 640, 'url': 'https://i.scdn.co/image/ab67616d0000b2735a43918ea90bf1e44b7bdcfd', 'width': 640}, {'height': 300, 'url': 'https://i.scdn.co/image/ab67616d00001e025a43918ea90bf1e44b7bdcfd', 'width': 300}, {'height': 64, 'url': 'https://i.scdn.co/image/ab67616d000048515a43918ea90bf1e44b7bdcfd', 'width': 64}]",Ruby,2025-03-07,day,album,spotify:album:1vWMw6pu3err6qqZzI3RhH,"[{'external_urls': {'spotify': 'https://open.spotify.com/artist/250b0Wlc5Vk0CoUsaCY84M'}, 'href': 'https://api.spotify.com/v1/artists/250b0Wlc5Vk0CoUsaCY84M', 'id': '250b0Wlc5Vk0CoUsaCY84M', 'name': 'JENNIE', 'type': 'artist', 'uri': 'spotify:artist:250b0Wlc5Vk0CoUsaCY84M'}]",BR,album,2015-2025,2025-10-09 22:00:00
album,17,True,{'spotify': 'https://open.spotify.com/album/3mH6qwIy9crq0I9YQbOuDf'},https://api.spotify.com/v1/albums/3mH6qwIy9crq0I9YQbOuDf,3mH6qwIy9crq0I9YQbOuDf,"[{'height': 640, 'url': 'https://i.scdn.co/image/ab67616d0000b273c5649add07ed3720be9d5526', 'width': 640}, {'height': 300, 'url': 'https://i.scdn.co/image/ab67616d00001e02c5649add07ed3720be9d5526', 'width': 300}, {'height': 64, 'url': 'https://i.scdn.co/image/ab67616d00004851c5649add07ed3720be9d5526', 'width': 64}]",Blonde,2016-08-20,day,album,spotify:album:3mH6qwIy9crq0I9YQbOuDf,"[{'external_urls': {'spotify': 'https://open.spotify.com/artist/2h93pZq0e7k5yf4dywlkpM'}, 'href': 'https://api.spotify.com/v1/artists/2h93pZq0e7k5yf4dywlkpM', 'id': '2h93pZq0e7k5yf4dywlkpM', 'name': 'Frank Ocean', 'type': 'artist', 'uri': 'spotify:artist:2h93pZq0e7k5yf4dywlkpM'}]",BR,album,2015-2025,2025-10-09 22:00:00
album,13,True,{'spotify': 'https://open.spotify.com/album/5EYKrEDnKhhcNxGedaRQeK'},https://api.spotify.com/v1/albums/5EYKrEDnKhhcNxGedaRQeK,5EYKrEDnKhhcNxGedaRQeK,"[{'height': 640, 'url': 'https://i.scdn.co/image/ab67616d0000b2738b58d20f1b77295730db15b4', 'width': 640}, {'height': 300, 'url': 'https://i.scdn.co/image/ab67616d00001e028b58d20f1b77295730db15b4', 'width': 300}, {'height': 64, 'url': 'https://i.scdn.co/image/ab67616d000048518b58d20f1b77295730db15b4', 'width': 64}]",eternal sunshine,2024-03-08,day,album,spotify:album:5EYKrEDnKhhcNxGedaRQeK,"[{'external_urls': {'spotify': 'https://open.spotify.com/artist/66CXWjxzNUsdJxJ2JdwvnR'}, 'href': 'https://api.spotify.com/v1/artists/66CXWjxzNUsdJxJ2JdwvnR', 'id': '66CXWjxzNUsdJxJ2JdwvnR', 'name': 'Ariana Grande', 'type': 'artist', 'uri': 'spotify:artist:66CXWjxzNUsdJxJ2JdwvnR'}]",BR,album,2015-2025,2025-10-09 22:00:00
album,10,True,{'spotify': 'https://open.spotify.com/album/4E1XUBMTpLO7GpBzUo65Jp'},https://api.spotify.com/v1/albums/4E1XUBMTpLO7GpBzUo65Jp,4E1XUBMTpLO7GpBzUo65Jp,"[{'height': 640, 'url': 'https://i.scdn.co/image/ab67616d0000b27305ac3e026324594a31fad7fb', 'width': 640}, {'height': 300, 'url': 'https://i.scdn.co/image/ab67616d00001e0205ac3e026324594a31fad7fb', 'width': 300}, {'height': 64, 'url': 'https://i.scdn.co/image/ab67616d0000485105ac3e026324594a31fad7fb', 'width': 64}]",Freudian,2017-08-25,day,album,spotify:album:4E1XUBMTpLO7GpBzUo65Jp,"[{'external_urls': {'spotify': 'https://open.spotify.com/artist/20wkVLutqVOYrc0kxFs7rA'}, 'href': 'https://api.spotify.com/v1/artists/20wkVLutqVOYrc0kxFs7rA', 'id': '20wkVLutqVOYrc0kxFs7rA', 'name': 'Daniel Caesar', 'type': 'artist', 'uri': 'spotify:artist:20wkVLutqVOYrc0kxFs7rA'}]",BR,album,2015-2025,2025-10-09 22:00:00
album,14,True,{'spotify': 'https://open.spotify.com/album/4yP0hdKOZPNshxUOjY0cZj'},https://api.spotify.com/v1/albums/4yP0hdKOZPNshxUOjY0cZj,4yP0hdKOZPNshxUOjY0cZj,"[{'height': 640, 'url': 'https://i.scdn.co/image/ab67616d0000b2738863bc11d2aa12b54f5aeb36', 'width': 640}, {'height': 300, 'url': 'https://i.scdn.co/image/ab67616d00001e028863bc11d2aa12b54f5aeb36', 'width': 300}, {'height': 64, 'url': 'https://i.scdn.co/image/ab67616d000048518863bc11d2aa12b54f5aeb36', 'width': 64}]",After Hours,2020-03-20,day,album,spotify:album:4yP0hdKOZPNshxUOjY0cZj,"[{'external_urls': {'spotify': 'https://open.spotify.com/artist/1Xyo4u8uXC1ZmMpatF05PJ'}, 'href': 'https://api.spotify.com/v1/artists/1Xyo4u8uXC1ZmMpatF05PJ', 'id': '1Xyo4u8uXC1ZmMpatF05PJ', 'name': 'The Weeknd', 'type': 'artist', 'uri': 'spotify:artist:1Xyo4u8uXC1ZmMpatF05PJ'}]",BR,album,2015-2025,2025-10-09 22:00:00
album,15,True,{'spotify': 'https://open.spotify.com/album/168CdR21lfn0TTyw1Pkdcm'},https://api.spotify.com/v1/albums/168CdR21lfn0TTyw1Pkdcm,168CdR21lfn0TTyw1Pkdcm,"[{'height': 640, 'url': 'https://i.scdn.co/image/ab67616d0000b273cc04ff3e70e146ba9abacf40', 'width': 640}, {'height': 300, 'url': 'https://i.scdn.co/image/ab67616d00001e02cc04ff3e70e146ba9abacf40', 'width': 300}, {'height': 64, 'url': 'https://i.scdn.co/image/ab67616d00004851cc04ff3e70e146ba9abacf40', 'width': 64}]",Fireworks & Rollerblades,2024-04-05,day,album,spotify:album:168CdR21lfn0TTyw1Pkdcm,"[{'external_urls': {'spotify': 'https://open.spotify.com/artist/22wbnEMDvgVIAGdFeek6ET'}, 'href': 'https://api.spotify.com/v1/artists/22wbnEMDvgVIAGdFeek6ET', 'id': '22wbnEMDvgVIAGdFeek6ET', 'name': 'Benson Boone', 'type': 'artist', 'uri': 'spotify:artist:22wbnEMDvgVIAGdFeek6ET'}]",BR,album,2015-2025,2025-10-09 22:00:00
album,16,True,{'spotify': 'https://open.spotify.com/album/2fenSS68JI1h4Fo296JfGr'},https://api.spotify.com/v1/albums/2fenSS68JI1h4Fo296JfGr,2fenSS68JI1h4Fo296JfGr,"[{'height': 640, 'url': 'https://i.scdn.co/image/ab67616d0000b27395f754318336a07e85ec59bc', 'width': 640}, {'height': 300, 'url': 'https://i.scdn.co/image/ab67616d00001e0295f754318336a07e85ec59bc', 'width': 300}, {'height': 64, 'url': 'https://i.scdn.co/image/ab67616d0000485195f754318336a07e85ec59bc', 'width': 64}]",folklore,2020-07-24,day,album,spotify:album:2fenSS68JI1h4Fo296JfGr,"[{'external_urls': {'spotify': 'https://open.spotify.com/artist/06HL4z0CvFAxyc27GXpf02'}, 'href': 'https://api.spotify.com/v1/artists/06HL4z0CvFAxyc27GXpf02', 'id': '06HL4z0CvFAxyc27GXpf02', 'name': 'Taylor Swift', 'type': 'artist', 'uri': 'spotify:artist:06HL4z0CvFAxyc27GXpf02'}]",BR,album,2015-2025,2025-10-09 22:00:00
album,18,True,{'spotify': 'https://open.spotify.com/album/0aX0UXrHG2ceYIxTQcqJdA'},https://api.spotify.com/v1/albums/0aX0UXrHG2ceYIxTQcqJdA,0aX0UXrHG2ceYIxTQcqJdA,"[{'height': 640, 'url': 'https://i.scdn.co/image/ab67616d0000b273ed432d7df981360768dd5856', 'width': 640}, {'height': 300, 'url': 'https://i.scdn.co/image/ab67616d00001e02ed432d7df981360768dd5856', 'width': 300}, {'height': 64, 'url': 'https://i.scdn.co/image/ab67616d00004851ed432d7df981360768dd5856', 'width': 64}]",Cosa Nuestra,2024-11-15,day,album,spotify:album:0aX0UXrHG2ceYIxTQcqJdA,"[{'external_urls': {'spotify': 'https://open.spotify.com/artist/1mcTU81TzQhprhouKaTkpq'}, 'href': 'https://api.spotify.com/v1/artists/1mcTU81TzQhprhouKaTkpq', 'id': '1mcTU81TzQhprhouKaTkpq', 'name': 'Rauw Alejandro', 'type': 'artist', 'uri': 'spotify:artist:1mcTU81TzQhprhouKaTkpq'}]",BR,album,2015-2025,2025-10-09 22:00:00
album,20,True,{'spotify': 'https://open.spotify.com/album/40GMAhriYJRO1rsY4YdrZb'},https://api.spotify.com/v1/albums/40GMAhriYJRO1rsY4YdrZb,40GMAhriYJRO1rsY4YdrZb,"[{'height': 640, 'url': 'https://i.scdn.co/image/ab67616d0000b2739416ed64daf84936d89e671c', 'width': 640}, {'height': 300, 'url': 'https://i.scdn.co/image/ab67616d00001e029416ed64daf84936d89e671c', 'width': 300}, {'height': 64, 'url': 'https://i.scdn.co/image/ab67616d000048519416ed64daf84936d89e671c', 'width': 64}]",Views,2016-05-06,day,album,spotify:album:40GMAhriYJRO1rsY4YdrZb,"[{'external_urls': {'spotify': 'https://open.spotify.com/artist/3TVXtAsR1Inumwj472S9r4'}, 'href': 'https://api.spotify.com/v1/artists/3TVXtAsR1Inumwj472S9r4', 'id': '3TVXtAsR1Inumwj472S9r4', 'name': 'Drake', 'type': 'artist', 'uri': 'spotify:artist:3TVXtAsR1Inumwj472S9r4'}]",BR,album,2015-2025,2025-10-09 22:00:00
album,21,True,{'spotify': 'https://open.spotify.com/album/27GWSFRITD8JJcSGMgEfTN'},https://api.spotify.com/v1/albums/27GWSFRITD8JJcSGMgEfTN,27GWSFRITD8JJcSGMgEfTN,"[{'height': 640, 'url': 'https://i.scdn.co/image/ab67616d0000b27347e9618ef7411438f9c9478b', 'width': 640}, {'height': 300, 'url': 'https://i.scdn.co/image/ab67616d00001e0247e9618ef7411438f9c9478b', 'width': 300}, {'height': 64, 'url': 'https://i.scdn.co/image/ab67616d0000485147e9618ef7411438f9c9478b', 'width': 64}]",INCÓMODO,2024-08-22,day,album,spotify:album:27GWSFRITD8JJcSGMgEfTN,"[{'external_urls': {'spotify': 'https://open.spotify.com/artist/5eumcnUkdmGvkvcsx1WFNG'}, 'href': 'https://api.spotify.com/v1/artists/5eumcnUkdmGvkvcsx1WFNG', 'id': '5eumcnUkdmGvkvcsx1WFNG', 'name': 'Tito Double P', 'type': 'artist', 'uri': 'spotify:artist:5eumcnUkdmGvkvcsx1WFNG'}]",BR,album,2015-2025,2025-10-09 22:00:00
album,14,True,{'spotify': 'https://open.spotify.com/album/03guxdOi12XJbnvxvxbpwG'},https://api.spotify.com/v1/albums/03guxdOi12XJbnvxvxbpwG,03guxdOi12XJbnvxvxbpwG,"[{'height': 640, 'url': 'https://i.scdn.co/image/ab67616d0000b273b19ac38a59cddd80da3cedcb', 'width': 640}, {'height': 300, 'url': 'https://i.scdn.co/image/ab67616d00001e02b19ac38a59cddd80da3cedcb', 'width': 300}, {'height': 64, 'url': 'https://i.scdn.co/image/ab67616d00004851b19ac38a59cddd80da3cedcb', 'width': 64}]",Submarine,2024-05-31,day,album,spotify:album:03guxdOi12XJbnvxvxbpwG,"[{'external_urls': {'spotify': 'https://open.spotify.com/artist/2sSGPbdZJkaSE2AbcGOACx'}, 'href': 'https://api.spotify.com/v1/artists/2sSGPbdZJkaSE2AbcGOACx', 'id': '2sSGPbdZJkaSE2AbcGOACx', 'name': 'The Marías', 'type': 'artist', 'uri': 'spotify:artist:2sSGPbdZJkaSE2AbcGOACx'}]",BR,album,2015-2025,2025-10-09 22:00:00
album,12,True,{'spotify': 'https://open.spotify.com/album/1JpJzuM4uncCfCimVozkmy'},https://api.spotify.com/v1/albums/1JpJzuM4uncCfCimVozkmy,1JpJzuM4uncCfCimVozkmy,"[{'height': 640, 'url': 'https://i.scdn.co/image/ab67616d0000b2732a2f9ea25cf65b5fb744b604', 'width': 640}, {'height': 300, 'url': 'https://i.scdn.co/image/ab67616d00001e022a2f9ea25cf65b5fb744b604', 'width': 300}, {'height': 64, 'url': 'https://i.scdn.co/image/ab67616d000048512a2f9ea25cf65b5fb744b604', 'width': 64}]",111XPANTIA,2025-05-02,day,album,spotify:album:1JpJzuM4uncCfCimVozkmy,"[{'external_urls': {'spotify': 'https://open.spotify.com/artist/0ys2OFYzWYB5hRDLCsBqxt'}, 'href': 'https://api.spotify.com/v1/artists/0ys2OFYzWYB5hRDLCsBqxt', 'id': '0ys2OFYzWYB5hRDLCsBqxt', 'name': 'Fuerza Regida', 'type': 'artist', 'uri': 'spotify:artist:0ys2OFYzWYB5hRDLCsBqxt'}]",BR,album,2015-2025,2025-10-09 22:00:00
album,18,True,{'spotify': 'https://open.spotify.com/album/2ODvWsOgouMbaA5xf0RkJe'},https://api.spotify.com/v1/albums/2ODvWsOgouMbaA5xf0RkJe,2ODvWsOgouMbaA5xf0RkJe,"[{'height': 640, 'url': 'https://i.scdn.co/image/ab67616d0000b2734718e2b124f79258be7bc452', 'width': 640}, {'height': 300, 'url': 'https://i.scdn.co/image/ab67616d00001e024718e2b124f79258be7bc452', 'width': 300}, {'height': 64, 'url': 'https://i.scdn.co/image/ab67616d000048514718e2b124f79258be7bc452', 'width': 64}]",Starboy,2016-11-25,day,album,spotify:album:2ODvWsOgouMbaA5xf0RkJe,"[{'external_urls': {'spotify': 'https://open.spotify.com/artist/1Xyo4u8uXC1ZmMpatF05PJ'}, 'href': 'https://api.spotify.com/v1/artists/1Xyo4u8uXC1ZmMpatF05PJ', 'id': '1Xyo4u8uXC1ZmMpatF05PJ', 'name': 'The Weeknd', 'type': 'artist', 'uri': 'spotify:artist:1Xyo4u8uXC1ZmMpatF05PJ'}]",BR,album,2015-2025,2025-10-09 22:00:00
album,16,True,{'spotify': 'https://open.spotify.com/album/3T4tUhGYeRNVUGevb0wThu'},https://api.spotify.com/v1/albums/3T4tUhGYeRNVUGevb0wThu,3T4tUhGYeRNVUGevb0wThu,"[{'height': 640, 'url': 'https://i.scdn.co/image/ab67616d0000b273ba5db46f4b838ef6027e6f96', 'width': 640}, {'height': 300, 'url': 'https://i.scdn.co/image/ab67616d00001e02ba5db46f4b838ef6027e6f96', 'width': 300}, {'height': 64, 'url': 'https://i.scdn.co/image/ab67616d00004851ba5db46f4b838ef6027e6f96', 'width': 64}]",÷ (Deluxe),2017-03-03,day,album,spotify:album:3T4tUhGYeRNVUGevb0wThu,"[{'external_urls': {'spotify': 'https://open.spotify.com/artist/6eUKZXaKkcviH0Ku9w2n3V'}, 'href': 'https://api.spotify.com/v1/artists/6eUKZXaKkcviH0Ku9w2n3V', 'id': '6eUKZXaKkcviH0Ku9w2n3V', 'name': 'Ed Sheeran', 'type': 'artist', 'uri': 'spotify:artist:6eUKZXaKkcviH0Ku9w2n3V'}]",BR,album,2015-2025,2025-10-09 22:00:00
album,21,True,{'spotify': 'https://open.spotify.com/album/338NDGMHtB4t5mp8RhMnh3'},https://api.spotify.com/v1/albums/338NDGMHtB4t5mp8RhMnh3,338NDGMHtB4t5mp8RhMnh3,"[{'height': 640, 'url': 'https://i.scdn.co/image/ab67616d0000b2735c0540f97b3f95e387a9b58e', 'width': 640}, {'height': 300, 'url': 'https://i.scdn.co/image/ab67616d00001e025c0540f97b3f95e387a9b58e', 'width': 300}, {'height': 64, 'url': 'https://i.scdn.co/image/ab67616d000048515c0540f97b3f95e387a9b58e', 'width': 64}]",Mi Vida Mi Muerte,2025-02-14,day,album,spotify:album:338NDGMHtB4t5mp8RhMnh3,"[{'external_urls': {'spotify': 'https://open.spotify.com/artist/6pV5zH2LzjOUHaAvENdMMa'}, 'href': 'https://api.spotify.com/v1/artists/6pV5zH2LzjOUHaAvENdMMa', 'id': '6pV5zH2LzjOUHaAvENdMMa', 'name': 'Neton Vega', 'type': 'artist', 'uri': 'spotify:artist:6pV5zH2LzjOUHaAvENdMMa'}]",BR,album,2015-2025,2025-10-09 22:00:00
album,12,True,{'spotify': 'https://open.spotify.com/album/3iPSVi54hsacKKl1xIR2eH'},https://api.spotify.com/v1/albums/3iPSVi54hsacKKl1xIR2eH,3iPSVi54hsacKKl1xIR2eH,"[{'height': 640, 'url': 'https://i.scdn.co/image/ab67616d0000b273fd8d7a8d96871e791cb1f626', 'width': 640}, {'height': 300, 'url': 'https://i.scdn.co/image/ab67616d00001e02fd8d7a8d96871e791cb1f626', 'width': 300}, {'height': 64, 'url': 'https://i.scdn.co/image/ab67616d00004851fd8d7a8d96871e791cb1f626', 'width': 64}]",Short n' Sweet,2024-08-23,day,album,spotify:album:3iPSVi54hsacKKl1xIR2eH,"[{'external_urls': {'spotify': 'https://open.spotify.com/artist/74KM79TiuVKeVCqs8QtB0B'}, 'href': 'https://api.spotify.com/v1/artists/74KM79TiuVKeVCqs8QtB0B', 'id': '74KM79TiuVKeVCqs8QtB0B', 'name': 'Sabrina Carpenter', 'type': 'artist', 'uri': 'spotify:artist:74KM79TiuVKeVCqs8QtB0B'}]",BR,album,2015-2025,2025-10-09 22:00:00
album,26,True,{'spotify': 'https://open.spotify.com/album/4tFsJC9jQ0Qjj7HSExhAdm'},https://api.spotify.com/v1/albums/4tFsJC9jQ0Qjj7HSExhAdm,4tFsJC9jQ0Qjj7HSExhAdm,"[{'height': 640, 'url': 'https://i.scdn.co/image/ab67616d0000b2737e0698e1398b6473de43f901', 'width': 640}, {'height': 300, 'url': 'https://i.scdn.co/image/ab67616d00001e027e0698e1398b6473de43f901', 'width': 300}, {'height': 64, 'url': 'https://i.scdn.co/image/ab67616d000048517e0698e1398b6473de43f901', 'width': 64}]",The Life of a Showgirl (Track by Track Version),2025-10-02,day,album,spotify:album:4tFsJC9jQ0Qjj7HSExhAdm,"[{'external_urls': {'spotify': 'https://open.spotify.com/artist/06HL4z0CvFAxyc27GXpf02'}, 'href': 'https://api.spotify.com/v1/artists/06HL4z0CvFAxyc27GXpf02', 'id': '06HL4z0CvFAxyc27GXpf02', 'name': 'Taylor Swift', 'type': 'artist', 'uri': 'spotify:artist:06HL4z0CvFAxyc27GXpf02'}]",BR,album,2015-2025,2025-10-09 22:00:00
album,23,True,{'spotify': 'https://open.spotify.com/album/07w0rG5TETcyihsEIZR3qG'},https://api.spotify.com/v1/albums/07w0rG5TETcyihsEIZR3qG,07w0rG5TETcyihsEIZR3qG,"[{'height': 640, 'url': 'https://i.scdn.co/image/ab67616d0000b27370dbc9f47669d120ad874ec1', 'width': 640}, {'height': 300, 'url': 'https://i.scdn.co/image/ab67616d00001e0270dbc9f47669d120ad874ec1', 'width': 300}, {'height': 64, 'url': 'https://i.scdn.co/image/ab67616d0000485170dbc9f47669d120ad874ec1', 'width': 64}]",SOS,2022-12-09,day,album,spotify:album:07w0rG5TETcyihsEIZR3qG,"[{'external_urls': {'spotify': 'https://open.spotify.com/artist/7tYKF4w9nC0nq9CsPZTHyP'}, 'href': 'https://api.spotify.com/v1/artists/7tYKF4w9nC0nq9CsPZTHyP', 'id': '7tYKF4w9nC0nq9CsPZTHyP', 'name': 'SZA', 'type': 'artist', 'uri': 'spotify:artist:7tYKF4w9nC0nq9CsPZTHyP'}]",BR,album,2015-2025,2025-10-09 22:00:00
album,26,True,{'spotify': 'https://open.spotify.com/album/5HyZy1hYpNTiCLRRy4PeNc'},https://api.spotify.com/v1/albums/5HyZy1hYpNTiCLRRy4PeNc,5HyZy1hYpNTiCLRRy4PeNc,"[{'height': 640, 'url': 'https://i.scdn.co/image/ab67616d0000b2734f17a3ef7b39680c6a757ed7', 'width': 640}, {'height': 300, 'url': 'https://i.scdn.co/image/ab67616d00001e024f17a3ef7b39680c6a757ed7', 'width': 300}, {'height': 64, 'url': 'https://i.scdn.co/image/ab67616d000048514f17a3ef7b39680c6a757ed7', 'width': 64}]",The Life of a Showgirl (Track by Track Version),2025-10-02,day,album,spotify:album:5HyZy1hYpNTiCLRRy4PeNc,"[{'external_urls': {'spotify': 'https://open.spotify.com/artist/06HL4z0CvFAxyc27GXpf02'}, 'href': 'https://api.spotify.com/v1/artists/06HL4z0CvFAxyc27GXpf02', 'id': '06HL4z0CvFAxyc27GXpf02', 'name': 'Taylor Swift', 'type': 'artist', 'uri': 'spotify:artist:06HL4z0CvFAxyc27GXpf02'}]",BR,album,2015-2025,2025-10-09 22:00:00
album,14,True,{'spotify': 'https://open.spotify.com/album/0S0KGZnfBGSIssfF54WSJh'},https://api.spotify.com/v1/albums/0S0KGZnfBGSIssfF54WSJh,0S0KGZnfBGSIssfF54WSJh,"[{'height': 640, 'url': 'https://i.scdn.co/image/ab67616d0000b27350a3147b4edd7701a876c6ce', 'width': 640}, {'height': 300, 'url': 'https://i.scdn.co/image/ab67616d00001e0250a3147b4edd7701a876c6ce', 'width': 300}, {'height': 64, 'url': 'https://i.scdn.co/image/ab67616d0000485150a3147b4edd7701a876c6ce', 'width': 64}]","WHEN WE ALL FALL ASLEEP, WHERE DO WE GO?",2019-03-29,day,album,spotify:album:0S0KGZnfBGSIssfF54WSJh,"[{'external_urls': {'spotify': 'https://open.spotify.com/artist/6qqNVTkY8uBg9cP3Jd7DAH'}, 'href': 'https://api.spotify.com/v1/artists/6qqNVTkY8uBg9cP3Jd7DAH', 'id': '6qqNVTkY8uBg9cP3Jd7DAH', 'name': 'Billie Eilish', 'type': 'artist', 'uri': 'spotify:artist:6qqNVTkY8uBg9cP3Jd7DAH'}]",BR,album,2015-2025,2025-10-09 22:00:00
album,10,True,{'spotify': 'https://open.spotify.com/album/5chTLnnxlxQVAgEv6YbEBe'},https://api.spotify.com/v1/albums/5chTLnnxlxQVAgEv6YbEBe,5chTLnnxlxQVAgEv6YbEBe,"[{'height': 640, 'url': 'https://i.scdn.co/image/ab67616d0000b273dfed999f959177dfc4f33cdc', 'width': 640}, {'height': 300, 'url': 'https://i.scdn.co/image/ab67616d00001e02dfed999f959177dfc4f33cdc', 'width': 300}, {'height': 64, 'url': 'https://i.scdn.co/image/ab67616d00004851dfed999f959177dfc4f33cdc', 'width': 64}]",Cigarettes After Sex,2017-06-09,day,album,spotify:album:5chTLnnxlxQVAgEv6YbEBe,"[{'external_urls': {'spotify': 'https://open.spotify.com/artist/1QAJqy2dA3ihHBFIHRphZj'}, 'href': 'https://api.spotify.com/v1/artists/1QAJqy2dA3ihHBFIHRphZj', 'id': '1QAJqy2dA3ihHBFIHRphZj', 'name': 'Cigarettes After Sex', 'type': 'artist', 'uri': 'spotify:artist:1QAJqy2dA3ihHBFIHRphZj'}]",BR,album,2015-2025,2025-10-09 22:00:00
album,11,True,{'spotify': 'https://open.spotify.com/album/1eCGY9WJpYgtaFh1Lk2KNo'},https://api.spotify.com/v1/albums/1eCGY9WJpYgtaFh1Lk2KNo,1eCGY9WJpYgtaFh1Lk2KNo,"[{'height': 640, 'url': 'https://i.scdn.co/image/ab67616d0000b27342fe69c0e7e5c92f01ece8ce', 'width': 640}, {'height': 300, 'url': 'https://i.scdn.co/image/ab67616d00001e0242fe69c0e7e5c92f01ece8ce', 'width': 300}, {'height': 64, 'url': 'https://i.scdn.co/image/ab67616d0000485142fe69c0e7e5c92f01ece8ce', 'width': 64}]","You'll Be Alright, Kid (Chapter 1)",2024-09-26,day,album,spotify:album:1eCGY9WJpYgtaFh1Lk2KNo,"[{'external_urls': {'spotify': 'https://open.spotify.com/artist/0fTSzq9jAh4c36UVb4V7CB'}, 'href': 'https://api.spotify.com/v1/artists/0fTSzq9jAh4c36UVb4V7CB', 'id': '0fTSzq9jAh4c36UVb4V7CB', 'name': 'Alex Warren', 'type': 'artist', 'uri': 'spotify:artist:0fTSzq9jAh4c36UVb4V7CB'}]",BR,album,2015-2025,2025-10-09 22:00:00
